"","id","rand_cov_id","year","fec","post","attrited","age","HH_size","sex","edu_none","edu_prim","edu_sec","cocoa_farm","plnt_size","smp_size","up_size"
"1",3,203,2014,0,0,0,69,12,0,0,0,0,1,10,1,11
"2",53,203,2014,0,0,1,37,7,0,0,0,0,1,13,2,0
"3",105,203,2014,0,0,1,74,11,0,0,0,0,1,23,1,6
"4",160,203,2014,0,0,0,55,11,0,1,0,0,1,8,0,6
"5",211,203,2014,0,0,1,59,8,0,0,0,0,0,0,0,1
"6",260,203,2014,0,0,0,59,9,0,0,0,1,1,31,3,2
"7",310,203,2014,0,0,0,30,14,0,0,0,0,1,16,2,4
"8",403,203,2014,0,0,0,41,9,0,1,0,0,0,0,1,3
"9",448,203,2014,0,0,0,41,8,0,0,0,0,1,4,0,4
"10",495,203,2014,0,0,0,43,6,0,1,0,0,1,5,2,5
"11",542,203,2014,0,0,0,34,6,0,1,0,0,1,14,2,5
"12",582,203,2014,0,0,0,35,9,0,0,1,0,1,24,3,5
"13",629,203,2014,0,0,0,34,9,0,0,0,0,1,3,0,12
"14",674,203,2014,0,0,0,53,8,0,1,0,0,1,8,1,0
"15",4,642,2014,0,0,0,50,12,0,0,0,0,1,21,0,21
"16",54,642,2014,0,0,0,78,11,0,0,0,1,1,11,1,3
"17",106,642,2014,0,0,0,54,5,0,0,0,0,0,5,1,5
"18",161,642,2014,0,0,0,35,8,1,0,1,0,1,7,2,4
"19",212,642,2014,0,0,0,28,6,0,0,1,0,1,5,0,3
"20",261,642,2014,0,0,0,35,9,1,1,0,0,1,10,0,4
"21",311,642,2014,0,0,0,28,4,0,0,0,1,0,8,0,4
"22",358,642,2014,0,0,0,46,11,0,0,0,0,1,15,2,0
"23",404,642,2014,0,0,0,53,5,0,0,1,0,1,10,0,3
"24",449,642,2014,0,0,0,40,7,1,1,0,0,1,11,1,2
"25",496,642,2014,0,0,0,68,6,0,1,0,0,1,10,1,0
"26",543,642,2014,0,0,0,35,9,0,1,0,0,1,8,2,3
"27",583,642,2014,0,0,0,55,8,1,1,0,0,0,5,0,1
"28",630,642,2014,0,0,0,74,16,0,0,0,0,1,17,0,17
"29",675,642,2014,0,0,0,42,12,0,0,1,0,1,8,0,8
"30",5,441,2014,0,0,0,35,4,0,1,0,0,0,0,0,0
"31",55,441,2014,0,0,1,40,5,0,0,0,0,1,3,1,5
"32",107,441,2014,0,0,0,30,7,0,0,0,0,1,3,0,0
"33",162,441,2014,0,0,0,40,8,0,0,0,0,1,5,0,3
"34",262,441,2014,0,0,0,80,8,0,0,0,0,0,3,0,0
"35",312,441,2014,0,0,1,74,4,0,1,0,0,1,0,0,0
"36",359,441,2014,0,0,0,30,12,0,0,0,0,0,0,0,5
"37",405,441,2014,0,0,0,20,4,0,0,0,0,0,6.09154929577465,3,4
"38",450,441,2014,0,0,0,29,6,0,0,0,1,0,0,0,4
"39",497,441,2014,0,0,1,35,9,0,0,0,0,0,4,3,4
"40",584,441,2014,0,0,1,70,6,1,1,0,0,1,3,2,0
"41",631,441,2014,0,0,0,34,10,0,1,0,0,0,3,0,0
"42",676,441,2014,0,0,0,35,8,0,1,0,0,0,0,0,0
"43",6,671,2014,1,0,0,55,10,0,0,0,0,1,11,1,0
"44",56,671,2014,1,0,0,34,11,0,0,0,0,1,9,0,3
"45",108,671,2014,1,0,1,35,10,0,0,1,0,0,10,1,4
"46",163,671,2014,1,0,0,35,6,0,0,0,1,0,10,1,3
"47",213,671,2014,1,0,0,64,2,1,1,0,0,0,0,0,0
"48",263,671,2014,1,0,0,35,11,0,1,0,0,0,8,0,4
"49",313,671,2014,1,0,1,70,7,1,1,0,0,0,7,0,2
"50",360,671,2014,1,0,0,61,2,0,1,0,0,1,3,1,0
"51",406,671,2014,1,0,1,50,10,1,1,0,0,1,7,1,0
"52",451,671,2014,1,0,0,60,7,0,1,0,0,0,0,0,2
"53",498,671,2014,1,0,0,62,8,0,0,0,0,1,2,1,0
"54",585,671,2014,1,0,0,60,6,1,1,0,0,1,5,1,4
"55",632,671,2014,1,0,0,46,10,0,1,0,0,0,3,1,0
"56",677,671,2014,1,0,1,43,10,0,0,0,0,1,9,2,0
"57",722,671,2014,1,0,0,38,11,1,1,0,0,1,5,1,0
"58",755,671,2014,1,0,0,81,20,0,0,0,0,1,15,0,1
"59",7,371,2014,0,0,0,34,6,0,1,0,0,0,0,0,3
"60",109,371,2014,0,0,0,53,10,0,0,0,1,0,8,0,7
"61",164,371,2014,0,0,0,37,5,0,1,0,0,0,0,0,0
"62",214,371,2014,0,0,1,40,7,0,0,0,0,1,5,2,3
"63",264,371,2014,0,0,0,49,6,0,0,0,1,1,3,3,3
"64",314,371,2014,0,0,0,37,11,0,0,0,0,1,20,0,4
"65",452,371,2014,0,0,0,65,8,1,1,0,0,0,6.09154929577465,1.54066985645933,0
"66",499,371,2014,0,0,0,34,12,0,0,0,0,1,25,0,4
"67",544,371,2014,0,0,0,40,10,0,0,0,0,1,15,2,4
"68",633,371,2014,0,0,0,40,13,1,1,0,0,0,0,0,5
"69",678,371,2014,0,0,0,50,9,1,1,0,0,0,0,0,5
"70",756,371,2014,0,0,0,82,18,0,0,0,0,0,10,0,0
"71",8,678,2014,0,0,0,71,8,0,0,0,0,1,8,3,5
"72",57,678,2014,0,0,1,25,6,0,0,0,0,1,12,1,7
"73",110,678,2014,0,0,0,35,21,0,0,1,0,1,7,2,7
"74",165,678,2014,0,0,0,48,8,0,0,0,0,1,3,0,3
"75",215,678,2014,0,0,1,58,7,0,1,0,0,1,17,2,1
"76",265,678,2014,0,0,0,37,9,0,0,0,0,1,3,0,3
"77",315,678,2014,0,0,0,63,10,1,1,0,0,0,0,0,3
"78",361,678,2014,0,0,0,50,11,1,1,0,0,0,0,0,3
"79",407,678,2014,0,0,0,70,12,1,1,0,0,1,6,0,3
"80",453,678,2014,0,0,0,74,8,0,1,0,0,1,7,0,5
"81",500,678,2014,0,0,0,45,10,1,1,0,0,1,6,1,6
"82",545,678,2014,0,0,1,53,11,0,1,0,0,0,2,1,5
"83",586,678,2014,0,0,0,30,15,0,0,0,0,1,20,0,11
"84",634,678,2014,0,0,0,48,11,0,0,0,0,1,18,1,3
"85",679,678,2014,0,0,0,35,8,1,1,0,0,1,3,1,0
"86",723,678,2014,0,0,0,55,14,1,1,0,0,1,18,0,2
"87",9,762,2014,0,0,0,45,10,0,0,0,0,1,12,2,8
"88",58,762,2014,0,0,0,54,4,1,1,0,0,0,0,0,0
"89",111,762,2014,0,0,1,36,8,0,1,0,0,1,6,1,6
"90",166,762,2014,0,0,0,74,12,0,0,0,0,1,8,0,8
"91",216,762,2014,0,0,0,30,5,1,1,0,0,1,1,0,1
"92",266,762,2014,0,0,0,34,5,0,1,0,0,0,2,2,3
"93",316,762,2014,0,0,1,75,7,0,0,0,0,1,6,0,4
"94",362,762,2014,0,0,0,78,14,0,0,0,0,1,9,0,4
"95",408,762,2014,0,0,0,66,8,0,0,0,1,1,9,1,0
"96",454,762,2014,0,0,0,54,18,0,1,0,0,1,14,0,0
"97",501,762,2014,0,0,0,37,10,0,0,0,0,1,14,0,2
"98",546,762,2014,0,0,0,42,8,1,0,0,1,1,4,5,4
"99",587,762,2014,0,0,1,56,8,0,0,0,1,1,6,2,3
"100",635,762,2014,0,0,1,38,7,0,0,0,1,0,3,0,4
"101",680,762,2014,0,0,0,50,6,1,1,0,0,1,3,0,0
"102",724,762,2014,0,0,0,70,10,0,0,0,0,0,14,0,14
"103",10,525,2014,0,0,0,46,21,0,0,0,0,0,10,2,8
"104",59,525,2014,0,0,0,35,11,1,1,0,0,0,3,2,8
"105",112,525,2014,0,0,0,41,15,0,0,0,0,1,10,0,4
"106",167,525,2014,0,0,0,39,7,0,0,0,0,1,12,0,3
"107",217,525,2014,0,0,0,65,6,1,1,0,0,1,1,0,1
"108",267,525,2014,0,0,0,54,11,0,0,0,0,1,10,2,3
"109",317,525,2014,0,0,1,85,14,0,0,0,0,1,7,0,1
"110",363,525,2014,0,0,0,75,10,1,1,0,0,1,0,0,0
"111",409,525,2014,0,0,0,51,14,0,0,0,0,1,4,0,3
"112",455,525,2014,0,0,0,27,7,0,0,0,0,1,15,6,8
"113",502,525,2014,0,0,0,55,11,1,1,0,0,0,1,1,10
"114",547,525,2014,0,0,1,25,16,1,0,0,1,1,16,4,12
"115",588,525,2014,0,0,0,37,4,1,0,0,1,1,10,0,0
"116",636,525,2014,0,0,0,55,8,0,1,0,0,1,14,4,6
"117",681,525,2014,0,0,0,45,13,0,0,0,0,1,20,1,5
"118",11,491,2014,0,0,0,48,7,0,0,0,1,0,3,1,0
"119",60,491,2014,0,0,0,42,9,0,0,0,0,1,5,0,0
"120",113,491,2014,0,0,0,37,10,0,0,0,0,1,2,1,2
"121",168,491,2014,0,0,0,42,8,0,0,0,0,0,0,0,2
"122",218,491,2014,0,0,0,59,8,0,0,0,0,0,4,0,1
"123",268,491,2014,0,0,0,50,10,0,0,1,0,1,15,6,10
"124",318,491,2014,0,0,0,59,12,0,0,0,0,1,9,3,3
"125",364,491,2014,0,0,0,54,7,1,0,0,0,0,10,0,2
"126",410,491,2014,0,0,0,50,10,0,0,0,0,0,4,1,3
"127",456,491,2014,0,0,0,54,29,0,1,0,0,1,15,0,0
"128",503,491,2014,0,0,0,31,6,0,0,1,0,0,5,0,2
"129",548,491,2014,0,0,0,45,9,0,0,0,0,0,2,1,0
"130",589,491,2014,0,0,0,39,10,0,0,0,0,0,0,2,3
"131",637,491,2014,0,0,0,40,10,1,1,0,0,0,0,0,4
"132",682,491,2014,0,0,0,49,7,0,0,0,0,0,0,0,0
"133",12,969,2014,0,0,0,39,10,0,0,0,0,1,3,0,0
"134",61,969,2014,0,0,0,45,5,0,0,0,0,1,10,2,0
"135",114,969,2014,0,0,0,55,9,1,1,0,0,0,6,1,2
"136",169,969,2014,0,0,0,50,6,0,0,0,0,0,1,1,2
"137",219,969,2014,0,0,0,35,6,0,0,0,0,0,14,0,3
"138",269,969,2014,0,0,0,54,4,1,1,0,0,0,0,0,1
"139",319,969,2014,0,0,0,40,15,0,0,0,0,1,5,2,3
"140",365,969,2014,0,0,0,80,18,0,0,0,0,1,11,1,4
"141",411,969,2014,0,0,0,48,9,0,0,0,0,0,8,2,2
"142",457,969,2014,0,0,0,65,10,0,0,1,0,1,5,2,3
"143",504,969,2014,0,0,0,56,8,0,0,1,0,1,15,1,4
"144",549,969,2014,0,0,0,55,11,0,1,0,0,1,1,0,1
"145",590,969,2014,0,0,0,45,8,1,0,0,1,0,0,2,0
"146",638,969,2014,0,0,0,44,8,0,0,0,1,1,9,8,5
"147",683,969,2014,0,0,0,29,7,1,1,0,0,1,3,3,0
"148",13,759,2014,1,0,0,29,6,0,0,0,1,1,4,0,0
"149",62,759,2014,1,0,1,26,6,0,0,0,0,0,1,1,0
"150",115,759,2014,1,0,0,50,10,1,1,0,0,0,0,1,0
"151",170,759,2014,1,0,0,59,15,1,1,0,0,1,3,0,0
"152",220,759,2014,1,0,0,49,10,0,0,0,1,0,22,2,3
"153",270,759,2014,1,0,0,49,4,0,0,0,1,1,4,0,3
"154",320,759,2014,1,0,0,53,9,0,0,0,0,1,6,1,3
"155",366,759,2014,1,0,0,68,7,0,0,0,0,0,3,0,3
"156",412,759,2014,1,0,0,45,12,0,0,0,0,1,4,0,3
"157",458,759,2014,1,0,0,70,12,1,1,0,0,1,2,0,10
"158",505,759,2014,1,0,0,75,7,0,0,0,0,0,9,0,0
"159",550,759,2014,1,0,1,85,7,0,0,0,0,1,0,2,2
"160",591,759,2014,1,0,0,50,5,0,0,0,0,0,1,1,2
"161",639,759,2014,1,0,0,38,4,0,0,0,0,1,6,3,4
"162",684,759,2014,1,0,0,38,9,1,1,0,0,0,0,0,3
"163",725,759,2014,1,0,1,90,10,0,1,0,0,1,3,0,0
"164",14,363,2014,0,0,1,45,8,0,0,0,0,1,8,3,15
"165",63,363,2014,0,0,0,22,6,0,0,0,1,1,30,2,4
"166",116,363,2014,0,0,0,26,3,0,0,0,0,1,2,4,5
"167",171,363,2014,0,0,1,24,4,0,0,0,1,0,1,1,1
"168",221,363,2014,0,0,0,25,9,0,0,0,1,1,3,1,2
"169",271,363,2014,0,0,0,63,13,0,0,0,0,1,5,0,6
"170",321,363,2014,0,0,0,39,11,0,0,0,0,1,6,1,3
"171",367,363,2014,0,0,1,45,11,0,0,0,1,1,2,2,3
"172",413,363,2014,0,0,0,23,13,1,0,0,1,1,30,1,3
"173",459,363,2014,0,0,0,50,8,0,0,0,0,1,2,1,6
"174",506,363,2014,0,0,0,51,17,0,0,0,0,1,3,1,3
"175",551,363,2014,0,0,0,20,3,1,0,0,1,1,2,1,1
"176",592,363,2014,0,0,1,30,3,0,0,0,0,0,4,1,4
"177",640,363,2014,0,0,0,34,8,0,0,1,0,1,4,1,4
"178",685,363,2014,0,0,0,52,7,0,0,0,0,1,1,1,2
"179",726,363,2014,0,0,0,80,7,0,1,0,0,1,3,2,4
"180",15,312,2014,1,0,0,90,6,0,1,0,0,1,6,0,2
"181",64,312,2014,1,0,0,70,27,0,1,0,0,1,12,4,12
"182",117,312,2014,1,0,0,22,11,0,0,0,1,0,4,0,2
"183",172,312,2014,1,0,0,55,13,0,0,0,0,1,9,2,4
"184",222,312,2014,1,0,0,50,8,0,0,0,0,1,2,2,0
"185",272,312,2014,1,0,0,61,10,0,0,0,1,0,3,0,2
"186",322,312,2014,1,0,0,50,7,0,1,0,0,1,4,1,2
"187",368,312,2014,1,0,0,50,8,0,1,0,0,1,15,1,3
"188",414,312,2014,1,0,0,89,15,0,0,0,0,1,15,0,4
"189",460,312,2014,1,0,0,37,6,0,0,0,0,1,2,0,0
"190",507,312,2014,1,0,0,30,11,1,1,0,0,1,20,0,7
"191",552,312,2014,1,0,0,54,11,0,0,0,0,1,21,0,0
"192",593,312,2014,1,0,0,40,5,0,0,1,0,1,0,0,0
"193",641,312,2014,1,0,0,50,7,0,0,0,0,0,3,1,2
"194",686,312,2014,1,0,1,70,7,0,0,0,0,0,0,0,4
"195",727,312,2014,1,0,0,56,12,0,0,0,0,1,8,0,3
"196",16,498,2014,0,0,0,65,9,0,0,0,0,1,20,0,4
"197",65,498,2014,0,0,1,35,6,0,0,0,0,1,7,2,5
"198",118,498,2014,0,0,1,40,4,0,0,0,0,0,1,1,2
"199",173,498,2014,0,0,0,65,3,0,0,0,0,1,15,0,2
"200",223,498,2014,0,0,1,75,3,1,1,0,0,0,0,0,0
"201",273,498,2014,0,0,1,35,8,0,0,1,0,1,2,2,0
"202",323,498,2014,0,0,0,30,5,0,0,0,1,0,0,2,2
"203",369,498,2014,0,0,0,70,10,0,0,0,0,1,17,2,3
"204",415,498,2014,0,0,1,89,11,0,0,0,0,0,0,0,0
"205",461,498,2014,0,0,0,40,7,1,1,0,0,0,2,1,2
"206",508,498,2014,0,0,0,27,5,1,1,0,0,0,0,1,0
"207",553,498,2014,0,0,0,82,7,0,0,1,0,0,0,0,2
"208",594,498,2014,0,0,0,40,8,0,0,0,0,1,9,2,0
"209",642,498,2014,0,0,1,62,7,1,0,0,0,0,0,0,0
"210",687,498,2014,0,0,0,40,6,0,0,0,0,1,8,0,4
"211",728,498,2014,0,0,1,50,3,1,1,0,0,1,20,2,5
"212",17,732,2014,1,0,0,50,8,1,1,0,0,1,4,2,10
"213",66,732,2014,1,0,0,50,3,0,1,0,0,1,12,7,6
"214",119,732,2014,1,0,0,60,17,0,1,0,0,1,5,3,6
"215",174,732,2014,1,0,1,34,5,0,0,0,0,1,3,2,1
"216",224,732,2014,1,0,0,40,3,1,1,0,0,1,10,10,20
"217",274,732,2014,1,0,0,27,5,0,0,1,0,1,5,1,3
"218",324,732,2014,1,0,0,50,10,0,0,1,0,1,4,0,4
"219",370,732,2014,1,0,0,75,3,0,0,1,0,1,5,0,5
"220",509,732,2014,1,0,0,50,7,0,1,0,0,1,2,1,3
"221",554,732,2014,1,0,1,29,6,1,0,0,1,0,0,1,2
"222",595,732,2014,1,0,0,50,3,0,1,0,0,1,2,0,2
"223",643,732,2014,1,0,0,28,4,0,0,1,0,0,0,0,1
"224",729,732,2014,1,0,0,30,10,1,1,0,0,0,0,0,0
"225",757,732,2014,1,0,0,50,9,0,0,0,0,1,5,0,3
"226",774,732,2014,1,0,0,29,18,0,1,0,0,1,4,2,2
"227",18,536,2014,0,0,0,67,21,1,1,0,0,1,5,1,3
"228",67,536,2014,0,0,1,26,8,0,0,0,0,1,8,2,0
"229",120,536,2014,0,0,0,35,15,0,0,0,0,1,6,3,3
"230",175,536,2014,0,0,0,37,5,0,0,0,0,1,2,1,3
"231",225,536,2014,0,0,0,35,2,0,0,0,0,1,10,1,5
"232",275,536,2014,0,0,0,45,9,0,0,1,0,1,5,1.5,3
"233",325,536,2014,0,0,0,30,6,0,1,0,0,1,12,1,7
"234",371,536,2014,0,0,0,60,7,0,0,0,0,1,8,0,0
"235",416,536,2014,0,0,0,45,5,0,1,0,0,1,0,0,0
"236",462,536,2014,0,0,0,60,10,1,1,0,0,1,4,1,0
"237",510,536,2014,0,0,0,45,11,0,1,0,0,1,5,2,5
"238",555,536,2014,0,0,0,60,6,1,1,0,0,1,2,1,3
"239",596,536,2014,0,0,0,35,10,0,0,0,0,1,5,6,5
"240",644,536,2014,0,0,0,60,7,0,0,0,0,1,5,0,5
"241",688,536,2014,0,0,0,66,7,0,1,0,0,1,2,1,2
"242",19,708,2014,0,0,0,40,6,0,0,0,0,1,3,4,7
"243",68,708,2014,0,0,0,75,8,0,0,0,0,1,1,2,3
"244",121,708,2014,0,0,0,31,6,0,1,0,0,0,1,1,3
"245",176,708,2014,0,0,0,55,6,0,0,0,0,1,3,1,4
"246",226,708,2014,0,0,0,27,9,0,1,0,0,1,10,0,1
"247",276,708,2014,0,0,0,39,4,0,0,0,0,0,1,3,0
"248",326,708,2014,0,0,0,27,5,1,1,0,0,1,3,1,3
"249",372,708,2014,0,0,0,30,6,1,0,0,0,0,0,1,2
"250",417,708,2014,0,0,0,50,10,0,0,0,0,1,3,1,5
"251",463,708,2014,0,0,0,35,5,1,1,0,0,1,10,3,6
"252",511,708,2014,0,0,0,55,12,0,0,1,0,1,4,3,11
"253",556,708,2014,0,0,0,25,4,0,1,0,0,1,7,2,1
"254",597,708,2014,0,0,0,53,8,0,0,0,0,1,3,1,2
"255",645,708,2014,0,0,0,65,5,0,0,1,0,0,1,2,0
"256",689,708,2014,0,0,0,40,12,0,0,0,1,1,5,2,5
"257",20,473,2014,0,0,0,80,10,1,1,0,0,1,1,1,1
"258",69,473,2014,0,0,1,28,13,0,0,0,1,1,4,1,4
"259",122,473,2014,0,0,0,65,9,0,1,0,0,1,11,1,2
"260",177,473,2014,0,0,0,39,7,0,0,0,0,1,4,0,4
"261",227,473,2014,0,0,0,51,11,0,0,1,0,1,8,0,4
"262",277,473,2014,0,0,0,30,8,0,1,0,0,0,7,4,6
"263",327,473,2014,0,0,0,30,39,0,0,0,0,1,6,2,3
"264",373,473,2014,0,0,0,30,6,0,1,0,0,1,1,1,1
"265",418,473,2014,0,0,0,40,7,0,0,1,0,1,10,2,2
"266",464,473,2014,0,0,0,24,3,1,1,0,0,1,5,0,0
"267",512,473,2014,0,0,1,60,6,1,1,0,0,1,0,0,0
"268",557,473,2014,0,0,0,43,14,0,0,0,0,1,2,1,1
"269",598,473,2014,0,0,0,50,7,0,0,0,1,1,2,0,1
"270",646,473,2014,0,0,0,50,13,0,0,0,0,1,11,0,4
"271",690,473,2014,0,0,0,30,5,0,0,0,0,1,7,0,1
"272",730,473,2014,0,0,0,39,20,0,0,1,0,1,16,4,8
"273",21,912,2014,0,0,0,65,11,0,0,0,0,1,6,1,1
"274",70,912,2014,0,0,0,60,5,0,1,0,0,0,2,2,2
"275",123,912,2014,0,0,0,30,4,0,0,1,0,1,2,1,2
"276",178,912,2014,0,0,0,25,9,1,1,0,0,1,2,1,2
"277",228,912,2014,0,0,0,35,5,0,0,0,0,1,3,3,3
"278",278,912,2014,0,0,0,40,10,1,0,1,0,0,0,0,0
"279",328,912,2014,0,0,0,50,10,0,1,0,0,1,7,1,3
"280",374,912,2014,0,0,0,32,9,0,1,0,0,1,2,2,2
"281",419,912,2014,0,0,0,40,5,1,1,0,0,1,2,1,2
"282",465,912,2014,0,0,0,50,9,0,1,0,0,1,2,1,2
"283",513,912,2014,0,0,0,30,10,1,1,0,0,1,1,2,5
"284",558,912,2014,0,0,0,40,9,0,0,1,0,1,9,1,1
"285",599,912,2014,0,0,0,23,7,0,0,0,1,1,10,3,4
"286",647,912,2014,0,0,0,40,11,1,0,0,1,1,5,2.5,2
"287",691,912,2014,0,0,0,35,6,0,0,0,0,1,4,2,4
"288",22,764,2014,1,0,0,20,9,0,0,1,0,1,12,5,16
"289",71,764,2014,1,0,1,45,5,0,1,0,0,1,2,6,2
"290",124,764,2014,1,0,1,57,7,0,0,1,0,0,3,3,6
"291",179,764,2014,1,0,0,30,7,0,0,0,1,1,9,4,6
"292",229,764,2014,1,0,1,53,11,0,0,1,0,1,21,7,15
"293",279,764,2014,1,0,0,20,3,1,1,0,0,0,2,1,1
"294",329,764,2014,1,0,0,38,12,0,0,0,0,0,15,1,15
"295",375,764,2014,1,0,0,37,7,0,1,0,0,0,0,0,3
"296",420,764,2014,1,0,0,40,5,1,1,0,0,0,0,0,3
"297",466,764,2014,1,0,0,35,7,0,1,0,0,0,0,1,2
"298",559,764,2014,1,0,0,60,7,0,0,0,0,1,12,0,10
"299",600,764,2014,1,0,0,20,11,0,1,0,0,1,3,0,1
"300",648,764,2014,1,0,0,29,19,0,0,0,0,1,35,6,6
"301",692,764,2014,1,0,0,35,4,0,1,0,0,0,0,1,3
"302",731,764,2014,1,0,0,80,5,0,0,0,0,1,6,1,4
"303",758,764,2014,1,0,0,28,7,1,1,0,0,1,10,2,10
"304",23,83,2014,0,0,0,31,12,1,1,0,0,1,16,12,40
"305",72,83,2014,0,0,0,35,7,0,0,1,0,1,80,30,50
"306",125,83,2014,0,0,0,40,7,0,0,1,0,1,4,1,5
"307",180,83,2014,0,0,0,34,2,0,0,1,0,1,10,2,10
"308",230,83,2014,0,0,0,50,3,1,1,0,0,0,2,1,20
"309",280,83,2014,0,0,0,55,12,0,1,0,0,1,3,1.54066985645933,0
"310",330,83,2014,0,0,0,36,13,0,0,1,0,0,0,2,6
"311",421,83,2014,0,0,0,35,7,0,1,0,0,1,4,2,1
"312",467,83,2014,0,0,0,25,7,0,1,0,0,1,1,1,0
"313",514,83,2014,0,0,0,35,8,0,0,0,0,0,1,0,1
"314",649,83,2014,0,0,0,69,7,0,0,0,0,1,5,2,4
"315",693,83,2014,0,0,0,29,7,0,0,0,0,1,8,31,0
"316",732,83,2014,0,0,0,35,6,0,1,0,0,1,2,0,2
"317",759,83,2014,0,0,0,29,11,1,0,0,0,1,7,1,3
"318",24,302,2014,1,0,0,35,4,0,0,1,0,1,15,0,3
"319",73,302,2014,1,0,0,22,6,0,1,0,0,1,4,2,2
"320",126,302,2014,1,0,0,43,2,0,1,0,0,0,0,1,1
"321",181,302,2014,1,0,0,75,12,0,0,0,1,0,3,0,4
"322",231,302,2014,1,0,0,20,5,0,0,0,0,0,0,5,12
"323",281,302,2014,1,0,0,70,5,1,1,0,0,0,0,1,2
"324",331,302,2014,1,0,0,46,7,0,0,0,0,0,1,1,1
"325",376,302,2014,1,0,0,35,6,0,0,0,0,0,3,1,2
"326",422,302,2014,1,0,0,32,7,0,0,0,1,1,10,1,2
"327",468,302,2014,1,0,0,45,9,0,0,0,0,1,4,1,4
"328",515,302,2014,1,0,0,60,11,0,1,0,0,1,4,1,3
"329",560,302,2014,1,0,0,40,9,0,0,0,0,1,9,3,6
"330",601,302,2014,1,0,0,24,9,0,0,0,0,0,0,1,2
"331",650,302,2014,1,0,0,22,4,0,0,1,0,0,2,1,0
"332",694,302,2014,1,0,0,35,6,0,0,0,1,1,4,1,2
"333",733,302,2014,1,0,0,70,12,0,1,0,0,0,0,0,2
"334",25,812,2014,0,0,0,45,5,0,0,0,1,1,6,5,100
"335",74,812,2014,0,0,0,53,4,0,0,0,0,0,5,3,20
"336",127,812,2014,0,0,0,25,7,0,0,0,0,1,7,4,10
"337",182,812,2014,0,0,0,42,9,0,0,1,0,1,11,8,20
"338",232,812,2014,0,0,0,40,7,1,1,0,0,1,3,4,3
"339",282,812,2014,0,0,0,45,11,1,1,0,0,0,2,0,0
"340",332,812,2014,0,0,0,49,9,0,0,0,1,0,1,2,0
"341",377,812,2014,0,0,0,30,11,0,1,0,0,0,1,6,10
"342",423,812,2014,0,0,1,30,3,1,1,0,0,0,0,0,0
"343",469,812,2014,0,0,0,24,15,0,0,0,1,0,3,2,3
"344",516,812,2014,0,0,0,45,9,0,0,0,0,1,10,8,8
"345",561,812,2014,0,0,0,54,6,0,0,0,0,1,4,7,2
"346",602,812,2014,0,0,0,25,11,0,0,0,1,0,2,0,0
"347",651,812,2014,0,0,0,49,9,0,0,0,1,1,8,1,2
"348",695,812,2014,0,0,0,45,11,0,0,0,0,1,14,1,2
"349",734,812,2014,0,0,0,64,32,0,0,1,0,1,30,13,20
"350",26,792,2014,0,0,0,40,9,0,0,0,0,1,1,1,3
"351",75,792,2014,0,0,0,32,10,0,0,0,1,1,5,2,4
"352",128,792,2014,0,0,0,50,9,0,0,0,0,1,7,0,5
"353",183,792,2014,0,0,1,70,20,0,1,0,0,1,7,2,5
"354",233,792,2014,0,0,0,20,6,0,0,0,0,1,8,3,4
"355",283,792,2014,0,0,1,42,8,0,0,0,1,1,6,4,3
"356",333,792,2014,0,0,0,60,4,1,1,0,0,1,2,1,3
"357",378,792,2014,0,0,0,32,8,0,1,0,0,1,2,2,4
"358",424,792,2014,0,0,0,29,5,0,1,0,0,1,4,3,4
"359",470,792,2014,0,0,0,27,8,0,1,0,0,1,3,1,0
"360",517,792,2014,0,0,0,25,8,0,0,0,0,1,10,4,3
"361",562,792,2014,0,0,0,65,11,0,0,0,0,1,3,2,4
"362",603,792,2014,0,0,0,35,8,1,1,0,0,1,20,10,5
"363",652,792,2014,0,0,0,40,5,1,1,0,0,1,6,3,5
"364",696,792,2014,0,0,0,70,7,0,0,0,0,1,3,0,3
"365",27,625,2014,0,0,0,45,7,0,0,1,0,1,7,2,2
"366",76,625,2014,0,0,0,36,13,0,0,1,0,1,5,1,5
"367",129,625,2014,0,0,0,50,5,1,0,1,0,0,2,0,1
"368",184,625,2014,0,0,0,90,9,0,0,1,0,1,7,2,2
"369",234,625,2014,0,0,0,31,5,0,0,1,0,1,11,0,3
"370",284,625,2014,0,0,0,34,9,1,1,0,0,1,3,2,3
"371",334,625,2014,0,0,0,34,15,0,0,0,1,0,10,5,5
"372",425,625,2014,0,0,0,35,16,0,0,0,0,1,7,10,2
"373",518,625,2014,0,0,0,45,13,0,0,0,0,1,8,3,3
"374",563,625,2014,0,0,0,30,6,0,0,0,0,1,4,2,4
"375",604,625,2014,0,0,0,35,13,0,0,0,0,1,9,4,3
"376",697,625,2014,0,0,0,22,10,0,0,0,1,1,2,2,5
"377",735,625,2014,0,0,0,35,11,0,1,0,0,1,5,1.54066985645933,4
"378",760,625,2014,0,0,0,50,7,0,0,0,0,1,5,1,6
"379",775,625,2014,0,0,0,42,7,0,0,1,0,0,9,1.54066985645933,2
"380",787,625,2014,0,0,0,45,7,0,0,1,0,1,6,1,1
"381",28,10,2014,0,0,0,60,9,1,1,0,0,1,15,0,0
"382",77,10,2014,0,0,0,49,6,0,1,0,0,0,0,0,0
"383",130,10,2014,0,0,0,67,3,0,1,0,0,0,0,0,0
"384",185,10,2014,0,0,0,90,11,0,0,0,0,1,15,0,0
"385",235,10,2014,0,0,1,47,4,0,0,0,0,0,2,0,0
"386",285,10,2014,0,0,1,52,10,0,1,0,0,0,10,0,0
"387",1,640,2014,0,0,0,28,2,0,0,0,0,1,10,0,4
"388",29,640,2014,0,0,0,45,8,0,1,0,0,0,0,0,4
"389",78,640,2014,0,0,1,29,3,0,1,0,0,0,0,0,0
"390",131,640,2014,0,0,0,30,5,0,1,0,0,0,0,0,0
"391",186,640,2014,0,0,1,30,8,0,0,0,0,1,5,1,3
"392",236,640,2014,0,0,0,39,9,0,1,0,0,0,0,1,0
"393",335,640,2014,0,0,0,42,6,0,1,0,0,1,4,0,3
"394",379,640,2014,0,0,0,60,22,0,0,1,0,0,0,0,4
"395",426,640,2014,0,0,0,64,5,0,1,0,0,0,0,0,0
"396",471,640,2014,0,0,0,60,9,0,1,0,0,0,0,0,0
"397",519,640,2014,0,0,0,41,5,0,1,0,0,0,0,0,0
"398",605,640,2014,0,0,0,25,4,0,1,0,0,1,2,0,4
"399",653,640,2014,0,0,0,45,8,0,1,0,0,1,3,0,0
"400",698,640,2014,0,0,0,90,9,0,0,0,0,1,4,0,15
"401",30,387,2014,0,0,1,50,9,1,1,0,0,0,0,0,0
"402",79,387,2014,0,0,1,70,9,0,0,0,0,1,7,0,0
"403",132,387,2014,0,0,0,75,11,0,0,0,0,0,2,0,3
"404",286,387,2014,0,0,0,37,5,0,1,0,0,0,0,0,0
"405",336,387,2014,0,0,0,35,12,0,0,0,1,0,4,0,6
"406",427,387,2014,0,0,0,36,11,0,1,0,0,0,0,0,5
"407",472,387,2014,0,0,0,47,15,0,0,0,0,0,8,2,8
"408",520,387,2014,0,0,0,35,6,1,0,0,1,0,0,0,0
"409",564,387,2014,0,0,0,65,11,0,0,1,0,1,7,0,4
"410",606,387,2014,0,0,0,35,9,0,0,0,1,0,10,0,0
"411",654,387,2014,0,0,0,40,9,0,1,0,0,1,85,0,5
"412",699,387,2014,0,0,0,39,5,0,1,0,0,0,0,0,0
"413",761,387,2014,0,0,0,40,9,0,0,0,0,1,6,0,8
"414",776,387,2014,0,0,0,60,6,0,0,0,1,0,0,0,0
"415",31,715,2014,1,0,0,75,12,0,0,0,0,0,7,0,3
"416",80,715,2014,1,0,0,56,7,0,1,0,0,0,5,0,5
"417",133,715,2014,1,0,0,53,19,0,0,0,0,0,6,0,6
"418",187,715,2014,1,0,1,35,12,1,1,0,0,0,7,0,4
"419",237,715,2014,1,0,1,70,7,1,1,0,0,1,7,1,0
"420",337,715,2014,1,0,0,30,7,0,0,0,0,1,12,2,4
"421",380,715,2014,1,0,1,40,11,1,1,0,0,0,2,6,3
"422",428,715,2014,1,0,1,37,9,1,0,0,0,1,10,3,9
"423",473,715,2014,1,0,0,29,7,0,0,0,1,1,3,4,15
"424",521,715,2014,1,0,0,30,7,1,1,0,0,0,0,1,0
"425",607,715,2014,1,0,1,44,9,0,0,0,0,0,0,0,4
"426",655,715,2014,1,0,0,30,15,1,0,0,0,0,8,0,4
"427",700,715,2014,1,0,0,48,6,0,0,0,0,1,7,3,10
"428",32,863,2014,0,0,0,27,3,0,1,0,0,0,3,2,5
"429",81,863,2014,0,0,1,79,5,0,0,0,0,0,5,0,2
"430",134,863,2014,0,0,1,32,5,0,1,0,0,0,0,0,4
"431",188,863,2014,0,0,0,65,5,0,1,0,0,0,1,1,2
"432",381,863,2014,0,0,0,40,3,0,1,0,0,0,1,1,5
"433",474,863,2014,0,0,0,30,4,0,0,0,0,0,2,0,0
"434",522,863,2014,0,0,0,35,5,0,0,0,0,0,3,3,5
"435",565,863,2014,0,0,0,39,6,0,0,0,0,0,4,3,4
"436",608,863,2014,0,0,1,46,6,0,1,0,0,0,0,0,0
"437",701,863,2014,0,0,1,70,12,1,0,0,0,0,0,2,3
"438",736,863,2014,0,0,0,29,6,0,1,0,0,0,4,0,0
"439",33,124,2014,1,0,0,50,9,0,1,0,0,0,2,0,8
"440",82,124,2014,1,0,0,35,7,0,0,0,0,1,7,1,3
"441",135,124,2014,1,0,0,50,8,1,0,0,0,0,2,4,6
"442",189,124,2014,1,0,0,65,8,0,1,0,0,0,20,2,10
"443",287,124,2014,1,0,0,90,8,0,0,0,0,1,10,3,10
"444",338,124,2014,1,0,0,38,12,1,0,0,1,0,1,1,4
"445",475,124,2014,1,0,0,38,5,0,0,0,0,1,5,2,4
"446",523,124,2014,1,0,0,70,10,1,1,0,0,0,0,0,4
"447",566,124,2014,1,0,0,80,13,0,0,0,0,1,8,2,8
"448",609,124,2014,1,0,0,34,19,0,0,0,1,0,10,10,30
"449",656,124,2014,1,0,0,35,6,0,1,0,0,0,2,0,4
"450",702,124,2014,1,0,0,64,7,1,1,0,0,1,5.61345646437995,1.6994459833795,4.89430446195321
"451",83,789,2014,0,0,0,30,7,0,0,0,0,0,2,0,4
"452",136,789,2014,0,0,0,70,8,0,0,0,0,1,2,0,6
"453",190,789,2014,0,0,0,59,9,0,0,0,0,0,3,0,6
"454",238,789,2014,0,0,0,35,8,0,0,0,1,1,1,1,4
"455",288,789,2014,0,0,1,30,6,1,1,0,0,0,1,6,10
"456",339,789,2014,0,0,0,49,7,0,0,0,0,0,3,0,4
"457",382,789,2014,0,0,0,65,4,0,0,0,0,1,1,0,0
"458",429,789,2014,0,0,1,53,12,0,0,0,0,1,6.09154929577465,1.54066985645933,3.84941176470588
"459",476,789,2014,0,0,1,30,10,1,1,0,0,1,3,3,4
"460",524,789,2014,0,0,1,35,12,1,1,0,0,1,8,1,1
"461",567,789,2014,0,0,1,40,2,1,1,0,0,0,2,1,2
"462",610,789,2014,0,0,0,56,5,0,1,0,0,0,3,0,6
"463",657,789,2014,0,0,0,25,9,0,0,1,0,0,0,0,5
"464",703,789,2014,0,0,0,56,6,0,0,0,0,1,3,0,6
"465",737,789,2014,0,0,0,65,13,0,0,0,0,1,3,0,4
"466",762,789,2014,0,0,0,32,6,0,0,0,0,1,3,2,9
"467",84,608,2014,1,0,0,40,10,1,1,0,0,1,2,0,5
"468",137,608,2014,1,0,0,34,14,0,1,0,0,0,5,0,5
"469",191,608,2014,1,0,1,32,9,1,1,0,0,0,2,0,3
"470",239,608,2014,1,0,1,48,7,0,0,0,0,0,8,2,0
"471",289,608,2014,1,0,1,25,16,0,0,0,1,0,7,8,9
"472",340,608,2014,1,0,1,50,6,0,0,0,0,0,0,2,6
"473",383,608,2014,1,0,1,33,12,0,0,0,0,0,4,6,12
"474",430,608,2014,1,0,0,50,13,0,0,0,0,0,25,0,12
"475",477,608,2014,1,0,0,34,8,0,1,0,0,1,2,0,3
"476",525,608,2014,1,0,1,22,6,0,1,0,0,1,2,0,2
"477",568,608,2014,1,0,0,65,8,0,0,0,0,1,10,0,8
"478",611,608,2014,1,0,0,75,22,0,0,0,0,0,5,0,4
"479",658,608,2014,1,0,0,36,11,0,0,0,0,0,5,7,10
"480",704,608,2014,1,0,0,33,10,0,0,0,0,0,4,3,6
"481",34,389,2014,1,0,0,45,10,0,0,0,0,0,3,3,4
"482",85,389,2014,1,0,0,40,11,0,0,0,0,1,0,0,0
"483",138,389,2014,1,0,0,67,7,0,0,0,0,1,7,1,3
"484",240,389,2014,1,0,1,35,7,0,0,0,0,0,2,2,3
"485",290,389,2014,1,0,0,40,9,0,0,0,0,1,4,0,0
"486",341,389,2014,1,0,0,45,7,0,0,0,0,1,3,3,0
"487",384,389,2014,1,0,0,60,10,0,0,0,0,1,20,0,0
"488",431,389,2014,1,0,1,40,5,0,1,0,0,0,2,0,3
"489",478,389,2014,1,0,1,90,10,0,1,0,0,0,5,2,0
"490",526,389,2014,1,0,0,25,9,0,0,0,0,0,4,2,4
"491",569,389,2014,1,0,0,70,8,0,0,0,0,0,3,0,3
"492",659,389,2014,1,0,0,45,7,0,1,0,0,0,4,3,0
"493",705,389,2014,1,0,0,45,9,0,0,0,0,1,2,1,4
"494",35,162,2014,0,0,0,32,10,0,1,0,0,0,4,0,2
"495",86,162,2014,0,0,0,31,5,0,1,0,0,0,0,0,3
"496",139,162,2014,0,0,1,40,7,0,0,0,0,0,1,0,4
"497",192,162,2014,0,0,0,34,7,0,0,0,0,0,0,0,4
"498",291,162,2014,0,0,0,55,21,0,0,0,1,0,5,0,5
"499",385,162,2014,0,0,0,45,11,1,1,0,0,0,0,1,0
"500",432,162,2014,0,0,1,49,6,0,1,0,0,0,0,0,0
"501",479,162,2014,0,0,0,36,5,0,0,0,0,1,6,0,5
"502",570,162,2014,0,0,1,80,6,1,1,0,0,0,0,0,0
"503",612,162,2014,0,0,0,36,5,0,0,0,0,1,2,0,0
"504",660,162,2014,0,0,1,30,8,0,0,0,0,0,6.09154929577465,0,4
"505",706,162,2014,0,0,0,20,3,0,0,0,0,1,5,0,2
"506",140,961,2014,1,0,0,35,5,0,0,0,0,1,6,1.6994459833795,1
"507",193,961,2014,1,0,1,50,13,1,0,0,0,1,7,0,0
"508",241,961,2014,1,0,0,90,2,0,0,0,0,1,34,1.6994459833795,1
"509",342,961,2014,1,0,0,56,22,0,0,0,0,1,2,0,4
"510",480,961,2014,1,0,0,35,4,0,1,0,0,1,4,2,4
"511",571,961,2014,1,0,0,65,2,0,1,0,0,0,5.61345646437995,1.6994459833795,1
"512",613,961,2014,1,0,1,60,4,1,1,0,0,0,5,0,2
"513",707,961,2014,1,0,0,65,20,0,0,0,0,1,20,1.6994459833795,15
"514",738,961,2014,1,0,0,60,9,0,0,0,0,1,4,1,4
"515",763,961,2014,1,0,1,26,8,0,0,0,1,1,3,0,1
"516",777,961,2014,1,0,0,37,5,0,0,0,0,1,5,1,0
"517",788,961,2014,1,0,0,25,5,0,1,0,0,1,9,1.6994459833795,2
"518",798,961,2014,1,0,0,35,11,0,0,0,0,1,10,1,2
"519",805,961,2014,1,0,0,65,5,0,0,0,0,1,2,0,0
"520",808,961,2014,1,0,0,35,8,1,1,0,0,1,2,0,2
"521",811,961,2014,1,0,0,62,3,1,1,0,0,1,0,0,0
"522",242,515,2014,1,0,0,35,11,0,1,0,0,1,1,2,2
"523",739,515,2014,1,0,0,30,4,1,1,0,0,1,4,1,0
"524",764,515,2014,1,0,0,85,8,0,1,0,0,1,3,2,2
"525",778,515,2014,1,0,0,70,5,0,1,0,0,1,3,0,2
"526",789,515,2014,1,0,0,40,2,1,1,0,0,1,2,2,0
"527",799,515,2014,1,0,1,26,4,0,1,0,0,1,3,1,2
"528",806,515,2014,1,0,0,30,4,1,1,0,0,1,2,1,2
"529",809,515,2014,1,0,1,45,10,0,0,0,0,1,3,0,2
"530",36,916,2014,1,0,0,60,11,0,1,0,0,1,6,1,5
"531",87,916,2014,1,0,0,43,11,0,0,0,1,0,0,2,4
"532",141,916,2014,1,0,0,40,11,0,0,0,0,1,10,3,5
"533",194,916,2014,1,0,0,35,9,0,0,1,0,1,10,3,4
"534",243,916,2014,1,0,0,21,5,1,1,0,0,1,2,0,3
"535",292,916,2014,1,0,0,25,7,1,1,0,0,1,3,0,1
"536",343,916,2014,1,0,0,60,8,0,0,0,0,1,2,0,3
"537",386,916,2014,1,0,0,33,9,0,1,0,0,1,7,1,4
"538",433,916,2014,1,0,0,35,13,0,0,0,0,1,7,1,2
"539",527,916,2014,1,0,0,30,7,1,1,0,0,0,0,1,0
"540",572,916,2014,1,0,0,20,14,0,0,0,1,1,4,1,2
"541",614,916,2014,1,0,0,40,0,0,1,0,0,1,2,0,2
"542",661,916,2014,1,0,0,40,8,1,1,0,0,1,6.5,3,3.5
"543",708,916,2014,1,0,0,30,8,1,1,0,0,0,0,2,3
"544",740,916,2014,1,0,0,28,4,1,1,0,0,1,3,0,3
"545",37,233,2014,0,0,1,60,3,1,1,0,0,1,2,2,2
"546",142,233,2014,0,0,0,39,5,1,1,0,0,1,8,0,0
"547",244,233,2014,0,0,0,36,10,0,0,0,1,1,12,0,3
"548",344,233,2014,0,0,0,25,5,0,1,0,0,1,7,1,2
"549",387,233,2014,0,0,0,30,7,1,1,0,0,1,3,2,2
"550",481,233,2014,0,0,0,35,5,1,1,0,0,1,2,2,2
"551",573,233,2014,0,0,0,52,10,0,1,0,0,1,4,1,2
"552",615,233,2014,0,0,0,35,6,1,1,0,0,1,5,2,3
"553",662,233,2014,0,0,0,40,8,0,0,0,0,1,3,2,2
"554",741,233,2014,0,0,0,40,9,0,1,0,0,1,9,1.54066985645933,2
"555",765,233,2014,0,0,0,40,6,0,1,0,0,1,5,1.54066985645933,2
"556",779,233,2014,0,0,0,32,4,1,1,0,0,0,3,1.54066985645933,1
"557",790,233,2014,0,0,0,45,6,0,0,0,1,1,1,1,1
"558",800,233,2014,0,0,0,35,6,1,1,0,0,1,6,1,4
"559",88,215,2014,0,0,1,45,3,0,1,0,0,1,13,0,0
"560",143,215,2014,0,0,0,70,4,0,0,0,1,1,32,2,3.84941176470588
"561",195,215,2014,0,0,0,35,5,1,0,0,1,1,1,2,3
"562",245,215,2014,0,0,0,62,11,0,0,0,0,1,8,3,2
"563",293,215,2014,0,0,0,60,15,1,1,0,0,1,5,1,2
"564",345,215,2014,0,0,0,44,16,1,1,0,0,1,12,0,0
"565",388,215,2014,0,0,0,54,12,0,0,0,0,1,3,0,7
"566",434,215,2014,0,0,1,65,6,1,1,0,0,0,0,1,0
"567",528,215,2014,0,0,0,30,3,1,1,0,0,0,4,3,3.84941176470588
"568",616,215,2014,0,0,0,27,5,0,0,0,0,1,2,2,2
"569",709,215,2014,0,0,1,45,2,1,0,1,0,0,1,1,4
"570",742,215,2014,0,0,0,41,10,0,0,0,0,0,8,2,3.84941176470588
"571",766,215,2014,0,0,0,31,7,0,1,0,0,0,6.09154929577465,1,2
"572",780,215,2014,0,0,0,42,15,0,0,0,1,0,0,2,7
"573",791,215,2014,0,0,1,45,5,0,1,0,0,1,3,1,0
"574",801,215,2014,0,0,1,20,12,1,1,0,0,1,2,0,2
"575",38,280,2014,0,0,0,25,7,1,0,1,0,1,3,3,2
"576",89,280,2014,0,0,0,26,3,0,1,0,0,1,5,2,3.84941176470588
"577",144,280,2014,0,0,0,46,1,0,0,0,0,0,6.09154929577465,1.54066985645933,1
"578",196,280,2014,0,0,0,53,2,0,1,0,0,0,0,3,0
"579",294,280,2014,0,0,0,54,11,0,0,1,0,0,0,0,2
"580",346,280,2014,0,0,0,29,5,0,1,0,0,1,8,1.54066985645933,1
"581",482,280,2014,0,0,0,40,15,0,0,0,1,1,5,2,5
"582",529,280,2014,0,0,1,60,3,0,0,0,1,1,1,0,4
"583",617,280,2014,0,0,0,42,7,0,0,0,1,1,8,2,10
"584",663,280,2014,0,0,0,41,7,0,1,0,0,1,4,3,3.84941176470588
"585",710,280,2014,0,0,0,45,11,0,1,0,0,1,3,2,3
"586",743,280,2014,0,0,1,42,2,0,0,0,0,0,2,2,3
"587",781,280,2014,0,0,1,60,4,0,1,0,0,1,3,0,3
"588",792,280,2014,0,0,0,41,22,0,0,0,0,1,32,5,15
"589",39,409,2014,1,0,0,30,5,0,0,1,0,1,7,3,4
"590",145,409,2014,1,0,0,65,5,1,1,0,0,1,2,1,4.89430446195321
"591",197,409,2014,1,0,0,46,5,0,1,0,0,1,10,1.6994459833795,2
"592",246,409,2014,1,0,0,42,8,0,0,0,1,1,16,1.6994459833795,4
"593",295,409,2014,1,0,0,40,8,1,1,0,0,1,38,2,6
"594",389,409,2014,1,0,0,28,9,0,1,0,0,1,3,1,3
"595",435,409,2014,1,0,0,52,7,0,0,0,1,1,9,4,3
"596",530,409,2014,1,0,0,23,5,1,1,0,0,0,0,2,0
"597",618,409,2014,1,0,0,65,13,0,1,0,0,1,1,1,4
"598",664,409,2014,1,0,0,27,16,0,0,0,1,1,11,2,2
"599",711,409,2014,1,0,1,42,5,0,0,0,1,1,3,2,4
"600",744,409,2014,1,0,0,70,10,0,0,1,0,1,11,1,3
"601",767,409,2014,1,0,0,90,10,0,0,0,0,0,0,0,2
"602",40,237,2014,1,0,0,25,6,1,1,0,0,1,6,2,5
"603",90,237,2014,1,0,1,20,2,0,1,0,0,1,2,1,4.89430446195321
"604",146,237,2014,1,0,0,50,2,1,1,0,0,1,7,0,2
"605",247,237,2014,1,0,0,80,7,1,1,0,0,1,8,0,0
"606",296,237,2014,1,0,0,29,13,0,0,0,0,1,14,1.6994459833795,2
"607",347,237,2014,1,0,0,46,5,0,0,0,0,1,4,1.6994459833795,3
"608",390,237,2014,1,0,0,25,3,0,0,1,0,1,3,1,2
"609",483,237,2014,1,0,0,70,6,0,0,0,0,1,4,1,3
"610",574,237,2014,1,0,0,40,10,1,1,0,0,0,3,0,2
"611",619,237,2014,1,0,0,45,19,1,1,0,0,0,2,2,8
"612",665,237,2014,1,0,0,55,12,0,0,0,0,1,9,1.6994459833795,2
"613",712,237,2014,1,0,0,51,7,0,0,0,0,1,3,1.6994459833795,3
"614",745,237,2014,1,0,0,75,8,0,0,0,0,1,6,3,4
"615",768,237,2014,1,0,0,25,5,0,1,0,0,1,1,0,0
"616",782,237,2014,1,0,1,50,4,0,0,1,0,1,3,1,4.89430446195321
"617",793,237,2014,1,0,0,24,6,1,0,1,0,1,2,0,1
"618",41,731,2014,1,0,0,60,15,0,1,0,0,1,8,1,4
"619",91,731,2014,1,0,1,40,17,1,1,0,0,0,1,0,5
"620",147,731,2014,1,0,0,35,10,1,1,0,0,0,0,0,2
"621",198,731,2014,1,0,0,22,5,0,1,0,0,1,20,0,1
"622",248,731,2014,1,0,0,45,12,0,1,0,0,1,2,2,4
"623",297,731,2014,1,0,1,20,2,1,1,0,0,0,0,1,1
"624",348,731,2014,1,0,0,45,5,0,0,0,0,1,2,2,3
"625",42,217,2014,1,0,0,70,4,1,1,0,0,1,0,0,0
"626",92,217,2014,1,0,0,50,12,0,0,0,0,1,6,2,3
"627",148,217,2014,1,0,1,25,5,0,1,0,0,1,2,1,2
"628",199,217,2014,1,0,1,50,12,0,1,0,0,1,10,0,2
"629",249,217,2014,1,0,0,48,12,1,1,0,0,1,5,1,3
"630",298,217,2014,1,0,0,45,9,1,0,1,0,1,2,1,4
"631",349,217,2014,1,0,0,45,9,0,0,1,0,1,3,0,3
"632",391,217,2014,1,0,0,50,6,0,1,0,0,1,3,0,2
"633",436,217,2014,1,0,0,62,11,0,0,0,0,1,5,1.5,4
"634",484,217,2014,1,0,0,37,6,0,1,0,0,1,5,0,3
"635",531,217,2014,1,0,0,50,6,0,0,0,0,0,0,0,3
"636",575,217,2014,1,0,0,45,5,0,1,0,0,1,4,0,5
"637",620,217,2014,1,0,0,45,13,0,0,0,0,1,8,1,5
"638",666,217,2014,1,0,0,40,6,1,1,0,0,0,0,0,0
"639",713,217,2014,1,0,0,40,3,0,0,0,0,1,2,0,4
"640",746,217,2014,1,0,0,60,11,0,0,0,0,1,6,1,3
"641",93,528,2014,1,0,0,44,9,0,0,0,0,0,4,4,4
"642",149,528,2014,1,0,1,30,5,0,0,1,0,0,3,0,2
"643",250,528,2014,1,0,0,30,6,0,0,0,0,0,2,0,4
"644",392,528,2014,1,0,0,35,6,0,0,0,0,0,3,0,3
"645",437,528,2014,1,0,0,75,15,0,0,0,0,1,7,3,12
"646",485,528,2014,1,0,0,25,11,1,0,0,0,1,10,0,10
"647",532,528,2014,1,0,0,45,5,0,0,0,0,1,14,0,7
"648",576,528,2014,1,0,0,53,5,0,1,0,0,1,14,2,3
"649",621,528,2014,1,0,0,59,12,0,0,1,0,1,8,0,8
"650",667,528,2014,1,0,0,35,13,0,0,0,0,1,16,3,16
"651",714,528,2014,1,0,0,40,9,0,1,0,0,1,2,1,3
"652",747,528,2014,1,0,0,50,8,0,0,1,0,1,14,0,12
"653",769,528,2014,1,0,0,25,10,1,0,1,0,0,2,1,2
"654",783,528,2014,1,0,1,36,4,0,1,0,0,0,0,0,4
"655",794,528,2014,1,0,0,30,7,1,1,0,0,1,2,7,7
"656",802,528,2014,1,0,1,25,6,1,1,0,0,1,4,1,4
"657",43,795,2014,1,0,0,79,5,0,0,0,0,1,8,0,4
"658",94,795,2014,1,0,0,51,9,1,1,0,0,1,2,1,2
"659",150,795,2014,1,0,1,32,8,1,1,0,0,1,4,1,4
"660",200,795,2014,1,0,1,71,6,0,0,0,0,1,10,0,10
"661",251,795,2014,1,0,0,55,10,1,1,0,0,1,10,0,5
"662",299,795,2014,1,0,0,50,6,0,0,1,0,1,15,50,200
"663",350,795,2014,1,0,0,56,4,1,1,0,0,0,0,2,3
"664",393,795,2014,1,0,0,50,6,1,1,0,0,0,0,6,10
"665",438,795,2014,1,0,0,50,8,1,1,0,0,1,11,6,11
"666",486,795,2014,1,0,0,25,7,1,1,0,0,0,0,0,8
"667",533,795,2014,1,0,0,82,10,0,1,0,0,1,7,0,10
"668",622,795,2014,1,0,0,41,7,0,0,0,0,1,9,1,9
"669",668,795,2014,1,0,1,60,7,0,0,0,1,1,3,0,3
"670",715,795,2014,1,0,0,56,6,1,1,0,0,1,9,3,6
"671",748,795,2014,1,0,0,50,13,1,1,0,0,1,6,0,10
"672",44,152,2014,1,0,0,39,5,0,0,0,0,1,4,3,4
"673",95,152,2014,1,0,1,25,8,1,0,0,0,1,2,2,2
"674",151,152,2014,1,0,1,62,7,1,1,0,0,0,2,1,2
"675",201,152,2014,1,0,1,31,9,1,1,0,0,1,5,0,3
"676",300,152,2014,1,0,1,23,6,1,0,1,0,0,2,0,3
"677",351,152,2014,1,0,0,39,6,0,0,0,0,1,5,0,3
"678",394,152,2014,1,0,0,24,5,0,0,0,0,0,3,1,3
"679",487,152,2014,1,0,0,64,11,0,0,0,1,0,2,0,2
"680",534,152,2014,1,0,1,70,14,0,0,0,0,1,7,15,200
"681",623,152,2014,1,0,1,26,5,1,1,0,0,1,20,6,5
"682",2,13,2014,1,0,0,30,8,1,1,0,0,1,4,0,4
"683",45,13,2014,1,0,1,20,7,0,1,0,0,1,2,7,0
"684",96,13,2014,1,0,0,69,7,0,0,0,0,0,1,0,5
"685",152,13,2014,1,0,0,74,14,0,0,0,0,0,0,0,9
"686",202,13,2014,1,0,0,46,12,0,1,0,0,1,4,8,6
"687",252,13,2014,1,0,0,59,6,0,0,0,0,0,0,2,5
"688",301,13,2014,1,0,0,62,7,0,1,0,0,1,4,0,7
"689",352,13,2014,1,0,0,44,6,1,1,0,0,0,1,1,0
"690",395,13,2014,1,0,0,48,7,0,1,0,0,1,11,0,6
"691",439,13,2014,1,0,1,62,5,0,1,0,0,1,10,0,6
"692",488,13,2014,1,0,0,54,10,0,0,0,1,0,2,2,4
"693",535,13,2014,1,0,0,40,11,0,0,0,0,1,5,10,10
"694",577,13,2014,1,0,1,25,4,1,0,1,0,0,1,0,6
"695",624,13,2014,1,0,0,30,5,0,0,0,0,1,4,1,4
"696",716,13,2014,1,0,0,25,6,0,0,1,0,1,8,0,6
"697",749,13,2014,1,0,0,41,6,0,1,0,0,0,7,0,7
"698",46,816,2014,0,0,0,29,4,0,0,0,0,1,3,1,3
"699",97,816,2014,0,0,0,27,7,1,1,0,0,1,5,0,4
"700",153,816,2014,0,0,0,45,13,0,0,0,0,1,11,1,7
"701",203,816,2014,0,0,0,20,14,0,0,0,0,1,15,0,2
"702",253,816,2014,0,0,1,20,7,1,0,0,1,1,3,1,3
"703",302,816,2014,0,0,1,44,5,1,1,0,0,0,7,2,7
"704",353,816,2014,0,0,1,40,8,0,0,1,0,0,10,5,10
"705",396,816,2014,0,0,0,73,7,0,0,0,0,1,10,10,5
"706",440,816,2014,0,0,0,65,7,1,1,0,0,0,0,0,0
"707",489,816,2014,0,0,1,57,8,0,0,0,1,1,13,0,3
"708",536,816,2014,0,0,1,34,8,1,1,0,0,0,7,4,7
"709",578,816,2014,0,0,0,45,10,0,1,0,0,1,6,2,2
"710",625,816,2014,0,0,1,70,10,1,1,0,0,1,5,3,2
"711",669,816,2014,0,0,0,39,45,0,1,0,0,1,25,25,25
"712",717,816,2014,0,0,0,69,11,0,0,0,0,1,15,4,15
"713",98,367,2014,1,0,0,64,8,1,1,0,0,1,0,0,0
"714",154,367,2014,1,0,0,35,13,0,1,0,0,1,12,5,6
"715",204,367,2014,1,0,0,60,7,1,1,0,0,0,5,2,5
"716",254,367,2014,1,0,0,60,5,0,1,0,0,1,13,2,0.230000004172325
"717",303,367,2014,1,0,0,80,11,0,1,0,0,0,10,4,10
"718",354,367,2014,1,0,1,60,11,0,0,0,0,1,4,0,5
"719",397,367,2014,1,0,1,46,4,0,0,0,0,1,50,10,20
"720",441,367,2014,1,0,0,49,7,0,0,0,1,1,14,0,4
"721",490,367,2014,1,0,0,64,9,0,0,1,0,1,20,10,10
"722",537,367,2014,1,0,1,75,9,0,0,0,0,1,12,4,8
"723",579,367,2014,1,0,0,79,8,0,1,0,0,1,3,0,4
"724",626,367,2014,1,0,0,80,5,0,0,0,0,1,8,0,7
"725",670,367,2014,1,0,0,49,5,0,0,0,0,0,7,1,7
"726",718,367,2014,1,0,0,45,9,1,1,0,0,1,8,0,3
"727",750,367,2014,1,0,1,60,10,0,1,0,0,0,3,1,3
"728",99,82,2014,1,0,0,42,9,0,0,1,0,0,3,5,3
"729",155,82,2014,1,0,0,40,10,0,0,0,0,1,20,3,20
"730",255,82,2014,1,0,0,85,11,0,0,1,0,1,5,4,1
"731",398,82,2014,1,0,0,31,11,0,1,0,0,1,0,0,3
"732",442,82,2014,1,0,0,29,5,0,1,0,0,0,2,3,3
"733",538,82,2014,1,0,0,60,6,0,0,0,0,1,0,2,3
"734",627,82,2014,1,0,1,25,12,0,0,0,0,0,9,3,12
"735",671,82,2014,1,0,0,55,4,0,0,0,0,1,14,0,5
"736",719,82,2014,1,0,0,45,8,1,1,0,0,0,0,0,0
"737",751,82,2014,1,0,0,50,4,0,0,0,0,0,4,1,2
"738",770,82,2014,1,0,1,60,7,0,0,0,0,0,3,0,3
"739",784,82,2014,1,0,1,28,5,0,1,0,0,0,0,2,3
"740",795,82,2014,1,0,0,34,7,0,0,1,0,0,0,3,4
"741",47,163,2014,1,0,0,41,4,0,0,0,0,0,3,1,2
"742",100,163,2014,1,0,1,28,7,1,1,0,0,0,1,2,3
"743",156,163,2014,1,0,1,90,9,0,0,0,0,1,5,4,4
"744",205,163,2014,1,0,1,23,5,1,1,0,0,1,3,2,6
"745",304,163,2014,1,0,0,54,3,0,0,0,0,0,5.61345646437995,1.6994459833795,4
"746",443,163,2014,1,0,0,40,5,0,0,0,0,0,4,3,6
"747",491,163,2014,1,0,0,74,11,0,1,0,0,1,11,1.6994459833795,5
"748",539,163,2014,1,0,0,43,5,0,1,0,0,0,3,2,2
"749",672,163,2014,1,0,1,70,14,1,1,0,0,0,5,1.6994459833795,2
"750",720,163,2014,1,0,0,40,7,0,0,0,0,1,4,2,3
"751",752,163,2014,1,0,0,75,7,0,0,0,0,1,4,2,4
"752",771,163,2014,1,0,1,22,2,1,1,0,0,0,5.61345646437995,1.6994459833795,3
"753",785,163,2014,1,0,1,50,9,1,1,0,0,1,3,2,1
"754",796,163,2014,1,0,1,75,7,1,1,0,0,1,2,5,4
"755",803,163,2014,1,0,0,40,10,0,0,0,0,1,12,2,5
"756",48,212,2014,1,0,0,70,7,0,1,0,0,0,7,1.6994459833795,4
"757",157,212,2014,1,0,1,50,3,1,1,0,0,0,5.61345646437995,1.6994459833795,1
"758",206,212,2014,1,0,0,50,7,0,0,1,0,1,4,3,4
"759",256,212,2014,1,0,0,40,6,0,0,0,0,1,4,1,2
"760",305,212,2014,1,0,1,70,4,1,1,0,0,0,0,0,0
"761",355,212,2014,1,0,1,70,7,1,1,0,0,1,3,0,3
"762",399,212,2014,1,0,0,35,10,0,0,0,0,1,1,1,3
"763",444,212,2014,1,0,0,25,5,0,0,0,0,1,2,40,2
"764",49,249,2014,1,0,1,30,3,0,0,0,0,1,4,1,2
"765",101,249,2014,1,0,0,80,15,0,0,0,0,1,11,3,10
"766",158,249,2014,1,0,0,45,10,0,0,0,0,1,4,5,3
"767",207,249,2014,1,0,0,25,4,1,1,0,0,1,4,2,1
"768",257,249,2014,1,0,1,37,7,0,0,0,0,0,5.61345646437995,1.6994459833795,4
"769",306,249,2014,1,0,0,50,9,0,0,0,0,1,8,3,3
"770",356,249,2014,1,0,0,90,11,0,0,1,0,1,7,1,3
"771",400,249,2014,1,0,0,60,4,1,1,0,0,1,2,2,2
"772",445,249,2014,1,0,0,45,3,1,1,0,0,1,6,0,0
"773",492,249,2014,1,0,1,45,4,0,0,0,0,1,4,3,3
"774",540,249,2014,1,0,0,30,4,0,1,0,0,1,2,2,2
"775",580,249,2014,1,0,0,70,7,1,1,0,0,0,0,3,0
"776",208,604,2014,1,0,0,34,8,0,0,0,0,1,7,1,3
"777",307,604,2014,1,0,1,37,5,0,0,1,0,1,4,1,1
"778",753,604,2014,1,0,0,49,16,0,0,0,0,1,6,0,3
"779",772,604,2014,1,0,1,55,7,0,0,0,0,1,23,0,5
"780",786,604,2014,1,0,1,40,6,0,1,0,0,0,1,0,1
"781",797,604,2014,1,0,1,45,8,0,0,0,0,1,14,0,3
"782",804,604,2014,1,0,1,45,6,1,1,0,0,0,0,0,2
"783",807,604,2014,1,0,1,55,6,0,1,0,0,1,9,1,3
"784",810,604,2014,1,0,1,70,6,1,1,0,0,1,2,0,3
"785",812,604,2014,1,0,1,40,10,0,0,0,0,0,5,0,5
"786",813,604,2014,1,0,1,20,6,0,0,0,1,1,5,0,5
"787",814,604,2014,1,0,0,35,5,0,0,0,0,1,13,0,2
"788",815,604,2014,1,0,1,35,4,0,0,0,0,0,3,0,2
"789",816,604,2014,1,0,1,65,17,0,0,1,0,1,4,0,3
"790",817,604,2014,1,0,1,35,5,1,1,0,0,0,3,0,2
"791",50,667,2014,1,0,0,36,4,0,0,0,0,1,3,2,4
"792",102,667,2014,1,0,1,50,7,0,0,1,0,1,2,2,2
"793",308,667,2014,1,0,0,79,9,0,1,0,0,1,9,1.6994459833795,3
"794",357,667,2014,1,0,0,50,6,0,0,0,0,1,9,1.6994459833795,3
"795",401,667,2014,1,0,0,75,3,0,1,0,0,0,0,2,0
"796",446,667,2014,1,0,0,58,10,0,0,0,0,0,4,0,0
"797",493,667,2014,1,0,0,20,6,0,1,0,0,1,7,2,4
"798",541,667,2014,1,0,0,38,6,0,0,0,0,1,2,1,3
"799",51,253,2014,1,0,0,40,4,0,0,1,0,0,4,1.6994459833795,3
"800",103,253,2014,1,0,1,70,9,0,0,0,0,1,3,1.6994459833795,1
"801",209,253,2014,1,0,0,59,5,0,0,1,0,1,3,2,3
"802",258,253,2014,1,0,1,40,5,0,0,0,1,1,0,1.6994459833795,0
"803",52,433,2014,0,0,0,39,7,0,0,1,0,0,3,3,3
"804",104,433,2014,0,0,0,70,8,0,0,0,0,1,3,2,3
"805",159,433,2014,0,0,0,73,8,0,0,0,0,1,4,2,3
"806",210,433,2014,0,0,0,25,8,0,0,0,0,1,3,1,2
"807",259,433,2014,0,0,0,67,9,0,1,0,0,1,7,1.54066985645933,4
"808",309,433,2014,0,0,0,35,4,1,1,0,0,1,2,3,3
"809",402,433,2014,0,0,0,25,22,1,1,0,0,0,2,1,2
"810",447,433,2014,0,0,0,31,2,0,1,0,0,0,2,1,3.84941176470588
"811",494,433,2014,0,0,0,75,12,0,0,0,0,1,5,1,2
"812",581,433,2014,0,0,0,30,6,0,0,0,0,0,1,2,3
"813",628,433,2014,0,0,0,20,13,0,0,0,0,1,7,0,6
"814",673,433,2014,0,0,0,45,11,0,1,0,0,1,5,1.54066985645933,3
"815",721,433,2014,0,0,0,60,5,1,1,0,0,0,0,0,0
"816",754,433,2014,0,0,0,25,8,0,1,0,0,0,3,1.54066985645933,3
"817",773,433,2014,0,0,0,35,9,0,1,0,0,0,3,1.54066985645933,4
